station_name,connection_id,panorama_id,connected_panorama_id,building_level_comparison,heading,panorama_lat,panorama_lng,connected_panorama_lat,connected_panorama_lng
東京駅,1,tmT6yBrJ_LvwhfdPqMkd8Q,mripnW3XvPH7Z-MoycejjQ,-1,-152.2072475,35.67781981,139.7658622,35.67769,139.7657916
東京駅,1,tmT6yBrJ_LvwhfdPqMkd8Q,mAzdBRYVsqsw61ipmrMw3g,-1,-162.8972049,35.67781981,139.7658622,35.67768009,139.7658184
東京駅,1,mripnW3XvPH7Z-MoycejjQ,tmT6yBrJ_LvwhfdPqMkd8Q,1,27.7927525,35.67769,139.7657916,35.67781981,139.7658622
東京駅,1,mAzdBRYVsqsw61ipmrMw3g,tmT6yBrJ_LvwhfdPqMkd8Q,1,17.10279505,35.67768009,139.7658184,35.67781981,139.7658622
東京駅,2,-BBNqEifh_z2Pho_UclBhA,_vexHCigO5tP_eKeh3tX3g,1,25.87312601,35.67774825,139.7659346,35.67780702,139.765964
東京駅,2,_vexHCigO5tP_eKeh3tX3g,-BBNqEifh_z2Pho_UclBhA,-1,-154.126874,35.67780702,139.765964,35.67774825,139.7659346
東京駅,3,A1UoD9qQQkeu0ar39OsBMA,akjGEsQKjtKgDDGffM5CsA,-1,-80.86387325,35.67752478,139.7655684,35.67760826,139.7651905
東京駅,3,akjGEsQKjtKgDDGffM5CsA,A1UoD9qQQkeu0ar39OsBMA,1,99.13612675,35.67760826,139.7651905,35.67752478,139.7655684
東京駅,4,--UdJnUGPvwaA9RTVmzaAA,qEFuGvYk6WNQpygd8TwXAQ,-1,98.77087705,35.6775135,139.765443,35.677435,139.7658091
東京駅,4,--UdJnUGPvwaA9RTVmzaAA,SO7qZA3FcY1w_rBSnyXqXQ,-1,93.62651746,35.6775135,139.765443,35.6774674,139.7658165
東京駅,4,qEFuGvYk6WNQpygd8TwXAQ,--UdJnUGPvwaA9RTVmzaAA,1,-81.22912295,35.677435,139.7658091,35.6775135,139.765443
東京駅,4,SO7qZA3FcY1w_rBSnyXqXQ,--UdJnUGPvwaA9RTVmzaAA,1,-86.37348254,35.6774674,139.7658165,35.6775135,139.765443
東京駅,5,tc0oqh7mpIcRk_x_q7Eb6w,rlGZvjqJ0sxvJHNaKGZ6hA,1,93.04422635,35.67767728,139.7647367,35.6776322,139.7651349
東京駅,5,tc0oqh7mpIcRk_x_q7Eb6w,KwRnYXUoBb02B0kSyRmpwg,1,92.39432466,35.67767728,139.7647367,35.67764064,139.7650966
東京駅,5,rlGZvjqJ0sxvJHNaKGZ6hA,tc0oqh7mpIcRk_x_q7Eb6w,-1,-86.95577365,35.6776322,139.7651349,35.67767728,139.7647367
東京駅,5,KwRnYXUoBb02B0kSyRmpwg,tc0oqh7mpIcRk_x_q7Eb6w,-1,-87.60567534,35.67764064,139.7650966,35.67767728,139.7647367
東京駅,7,szbjxMEh16KLTkMYmLQ78A,LKdkiUKp6zTpDlGeyzLWDw,-1,-69.69154921,35.67766576,139.7646663,35.67781052,139.76433
東京駅,7,szbjxMEh16KLTkMYmLQ78A,ffBSwtJqMLvz4egBX0J5xg,-1,-79.22567772,35.67766576,139.7646663,35.67776101,139.764286
東京駅,7,LKdkiUKp6zTpDlGeyzLWDw,szbjxMEh16KLTkMYmLQ78A,1,110.3084508,35.67781052,139.76433,35.67766576,139.7646663
東京駅,7,ffBSwtJqMLvz4egBX0J5xg,szbjxMEh16KLTkMYmLQ78A,1,100.7743223,35.67776101,139.764286,35.67766576,139.7646663
東京駅,7,2tleEfrn-dKb1Rhbg0ry1w,LKdkiUKp6zTpDlGeyzLWDw,-1,-74.40031958,35.6776936,139.7646745,35.67781052,139.76433
東京駅,7,2tleEfrn-dKb1Rhbg0ry1w,ffBSwtJqMLvz4egBX0J5xg,-1,-83.52682313,35.6776936,139.7646745,35.67776101,139.764286
東京駅,7,LKdkiUKp6zTpDlGeyzLWDw,2tleEfrn-dKb1Rhbg0ry1w,1,105.5996804,35.67781052,139.76433,35.6776936,139.7646745
東京駅,7,ffBSwtJqMLvz4egBX0J5xg,2tleEfrn-dKb1Rhbg0ry1w,1,96.47317687,35.67776101,139.764286,35.6776936,139.7646745
東京駅,8,Nj-dJhGQj3gTZXAgB7C6Rw,LSOKSvhD5hgd4yZp9oJ6zA,-1,-84.39509697,35.67772227,139.7642809,35.67775726,139.7640597
東京駅,8,LSOKSvhD5hgd4yZp9oJ6zA,Nj-dJhGQj3gTZXAgB7C6Rw,1,95.60490303,35.67775726,139.7640597,35.67772227,139.7642809
東京駅,9,O8XyZGveHMXZ48x3wLlbeQ,fLBWxRq6AjStn3owxKAvoQ,-1,-79.10531246,35.6778543,139.7643317,35.67791047,139.7641093
東京駅,9,fLBWxRq6AjStn3owxKAvoQ,O8XyZGveHMXZ48x3wLlbeQ,1,100.8946875,35.67791047,139.7641093,35.6778543,139.7643317
東京駅,10,5sf6_UsjEKiiRttDneHocw,a2cZ0fQpLR2Xcr7dNqNEqA,-1,-78.74379789,35.67776161,139.7647597,35.67782098,139.7645306
東京駅,10,a2cZ0fQpLR2Xcr7dNqNEqA,5sf6_UsjEKiiRttDneHocw,1,101.2562021,35.67782098,139.7645306,35.67776161,139.7647597
東京駅,11,kMyf-d90e10CNzlS-O74mw,8Bd4vQPVYE0KEDZ9HL21pg,-1,-80.49116998,35.67762351,139.7646808,35.67766766,139.7644869
東京駅,11,8Bd4vQPVYE0KEDZ9HL21pg,kMyf-d90e10CNzlS-O74mw,1,99.50883002,35.67766766,139.7644869,35.67762351,139.7646808
東京駅,12,2B771m01HBB9-RYnYe5cSg,nj1v2OV6sz-2aPSB2VAPmQ,-1,97.70380246,35.67755796,139.7649583,35.67751817,139.7651619
東京駅,12,nj1v2OV6sz-2aPSB2VAPmQ,2B771m01HBB9-RYnYe5cSg,1,-82.29619754,35.67751817,139.7651619,35.67755796,139.7649583
東京駅,13,mnYNz9vlbiZanAIQy3IVZA,vNwR99q1Q3OgR4q4HpEwHg,-1,98.94787185,35.67771503,139.7649962,35.67767009,139.7652027
東京駅,13,vNwR99q1Q3OgR4q4HpEwHg,mnYNz9vlbiZanAIQy3IVZA,1,-81.05212815,35.67767009,139.7652027,35.67771503,139.7649962
東京駅,14,FgogAjVQYznOWmsqCmszEw,Yskk2AlcwaUa64he8JjV5Q,-1,97.4597343,35.67762371,139.7654117,35.67758597,139.7656093
東京駅,14,Yskk2AlcwaUa64he8JjV5Q,FgogAjVQYznOWmsqCmszEw,1,-82.5402657,35.67758597,139.7656093,35.67762371,139.7654117
東京駅,15,LKosNG3yIQOWEd-1Ac73FQ,8q2ZJklfKjEoDqEDZOfzxQ,-1,96.96020401,35.67747015,139.7653817,35.67743497,139.7655748
東京駅,15,8q2ZJklfKjEoDqEDZOfzxQ,LKosNG3yIQOWEd-1Ac73FQ,1,-83.03979599,35.67743497,139.7655748,35.67747015,139.7653817
東京駅,16,BaE6oXvWUlgQp6G-HjxRcw,ifhonpeDz53pu5vgqJ-MoA,-1,99.68515635,35.6773997,139.7658352,35.67735761,139.7660175
東京駅,16,ifhonpeDz53pu5vgqJ-MoA,BaE6oXvWUlgQp6G-HjxRcw,1,-80.31484365,35.67735761,139.7660175,35.6773997,139.7658352
東京駅,17,FTj-Lfw_22i0Vpehqfp40A,NxNZhM9Q6ldC-hh_bFFk8w,-1,99.97725026,35.67754287,139.7658576,35.67749693,139.7660522
東京駅,17,NxNZhM9Q6ldC-hh_bFFk8w,FTj-Lfw_22i0Vpehqfp40A,1,-80.02274974,35.67749693,139.7660522,35.67754287,139.7658576
東京駅,18,iOsN1Yyz7ZfLWTWNBNB6jw,_aNlWf5VnpZ28ZZZPXkQOg,1,21.48347253,35.67942788,139.766931,35.67967367,139.76703
東京駅,18,_aNlWf5VnpZ28ZZZPXkQOg,iOsN1Yyz7ZfLWTWNBNB6jw,-1,-158.5165275,35.67967367,139.76703,35.67942788,139.766931
東京駅,19,t5Z9nDhS0mg_RnPIiKpfwQ,MTeneD-D3SNKkO0QFfDTfg,1,25.02910475,35.67938731,139.7669709,35.67964947,139.7670967
東京駅,19,MTeneD-D3SNKkO0QFfDTfg,t5Z9nDhS0mg_RnPIiKpfwQ,-1,-154.9708952,35.67964947,139.7670967,35.67938731,139.7669709
東京駅,20,KDVsCHIkVt-kyHi7TSKQcg,dnyibrLIjoNnxCNqMQMtzg,1,29.97574616,35.67954471,139.7670636,35.67964141,139.7671214
東京駅,20,dnyibrLIjoNnxCNqMQMtzg,KDVsCHIkVt-kyHi7TSKQcg,-1,-150.0242538,35.67964141,139.7671214,35.67954471,139.7670636
東京駅,21,pT4sW7_5eqvI9UQelh6eKw,V3BYCoNIEwAzDG7tboU7OA,1,32.20440998,35.68042688,139.7668148,35.68059123,139.7669223
東京駅,21,pT4sW7_5eqvI9UQelh6eKw,HWWLmCPWHDFQU78osa_vmA,1,21.07884903,35.68042688,139.7668148,35.68060061,139.7668833
東京駅,21,V3BYCoNIEwAzDG7tboU7OA,pT4sW7_5eqvI9UQelh6eKw,-1,-147.79559,35.68059123,139.7669223,35.68042688,139.7668148
東京駅,21,HWWLmCPWHDFQU78osa_vmA,pT4sW7_5eqvI9UQelh6eKw,-1,-158.921151,35.68060061,139.7668833,35.68042688,139.7668148
東京駅,21,ngpLh6Cp50oZzfv2kcAJlg,V3BYCoNIEwAzDG7tboU7OA,1,22.21033942,35.6804213,139.7668512,35.68059123,139.7669223
東京駅,21,ngpLh6Cp50oZzfv2kcAJlg,HWWLmCPWHDFQU78osa_vmA,1,10.04200253,35.6804213,139.7668512,35.68060061,139.7668833
東京駅,21,V3BYCoNIEwAzDG7tboU7OA,ngpLh6Cp50oZzfv2kcAJlg,-1,-157.7896606,35.68059123,139.7669223,35.6804213,139.7668512
東京駅,21,HWWLmCPWHDFQU78osa_vmA,ngpLh6Cp50oZzfv2kcAJlg,-1,-169.9579975,35.68060061,139.7668833,35.6804213,139.7668512
東京駅,23,iVTtb-60txiz6MIdhgJZMQ,19hb4wJWC6AkzQvqF9zFzA,1,27.87372886,35.68049378,139.7666283,35.68068174,139.7667309
東京駅,23,W15lXJv6f9Y-vm2iZY38dA,19hb4wJWC6AkzQvqF9zFzA,1,17.88201185,35.68048478,139.7666662,35.68068174,139.7667309
東京駅,23,19hb4wJWC6AkzQvqF9zFzA,iVTtb-60txiz6MIdhgJZMQ,-1,-152.1262711,35.68068174,139.7667309,35.68049378,139.7666283
東京駅,23,19hb4wJWC6AkzQvqF9zFzA,W15lXJv6f9Y-vm2iZY38dA,-1,-162.1179881,35.68068174,139.7667309,35.68048478,139.7666662
東京駅,23,iVTtb-60txiz6MIdhgJZMQ,P4Q3KRzVagS6UG-we4J-Pg,1,18.48758173,35.68049378,139.7666283,35.68069081,139.7666955
東京駅,23,W15lXJv6f9Y-vm2iZY38dA,P4Q3KRzVagS6UG-we4J-Pg,1,8.043199035,35.68048478,139.7666662,35.68069081,139.7666955
東京駅,23,P4Q3KRzVagS6UG-we4J-Pg,iVTtb-60txiz6MIdhgJZMQ,-1,-161.5124183,35.68069081,139.7666955,35.68049378,139.7666283
東京駅,23,P4Q3KRzVagS6UG-we4J-Pg,W15lXJv6f9Y-vm2iZY38dA,-1,-171.956801,35.68069081,139.7666955,35.68048478,139.7666662
東京駅,24,8JJ0sW76vy3fzkGnrSzh4g,byZgYjyDVNbptTxVDIpjVg,1,22.60825443,35.68053998,139.7664442,35.68072169,139.7665217
東京駅,24,8JJ0sW76vy3fzkGnrSzh4g,N8xlKMX9WHsgQqtK1i-Uxw,1,11.59352935,35.68053998,139.7664442,35.6807317,139.766484
東京駅,24,byZgYjyDVNbptTxVDIpjVg,8JJ0sW76vy3fzkGnrSzh4g,-1,-157.3917456,35.68072169,139.7665217,35.68053998,139.7664442
東京駅,24,N8xlKMX9WHsgQqtK1i-Uxw,8JJ0sW76vy3fzkGnrSzh4g,-1,-168.4064707,35.6807317,139.766484,35.68053998,139.7664442
東京駅,24,eW1HY9rwAu8W7FW29AeJxg,byZgYjyDVNbptTxVDIpjVg,1,31.04371658,35.6805624,139.7664223,35.68072169,139.7665217
東京駅,24,eW1HY9rwAu8W7FW29AeJxg,N8xlKMX9WHsgQqtK1i-Uxw,1,19.6225311,35.6805624,139.7664223,35.6807317,139.766484
東京駅,24,byZgYjyDVNbptTxVDIpjVg,eW1HY9rwAu8W7FW29AeJxg,-1,-148.9562834,35.68072169,139.7665217,35.6805624,139.7664223
東京駅,24,N8xlKMX9WHsgQqtK1i-Uxw,eW1HY9rwAu8W7FW29AeJxg,-1,-160.3774689,35.6807317,139.766484,35.6805624,139.7664223
東京駅,25,Z8x8T1p7TB0e_-kfVMik8A,cITYeqT-4wr1VebqqPUOZg,1,34.1282041,35.68062359,139.7662121,35.68076525,139.7663121
東京駅,25,Z8x8T1p7TB0e_-kfVMik8A,MsQxHUu-msETFpvx9I4TuA,1,21.76439925,35.68062359,139.7662121,35.68077456,139.7662738
東京駅,25,cITYeqT-4wr1VebqqPUOZg,Z8x8T1p7TB0e_-kfVMik8A,-1,-145.8717959,35.68076525,139.7663121,35.68062359,139.7662121
東京駅,25,MsQxHUu-msETFpvx9I4TuA,Z8x8T1p7TB0e_-kfVMik8A,-1,-158.2356007,35.68077456,139.7662738,35.68062359,139.7662121
東京駅,25,R6R0aKnWjT7W6ZpG9H5Qug,cITYeqT-4wr1VebqqPUOZg,1,22.28821569,35.68058188,139.7662351,35.68076525,139.7663121
東京駅,25,R6R0aKnWjT7W6ZpG9H5Qug,MsQxHUu-msETFpvx9I4TuA,1,11.233004,35.68058188,139.7662351,35.68077456,139.7662738
東京駅,25,cITYeqT-4wr1VebqqPUOZg,R6R0aKnWjT7W6ZpG9H5Qug,-1,-157.7117843,35.68076525,139.7663121,35.68058188,139.7662351
東京駅,25,MsQxHUu-msETFpvx9I4TuA,R6R0aKnWjT7W6ZpG9H5Qug,-1,-168.766996,35.68077456,139.7662738,35.68058188,139.7662351
東京駅,26,HWxoVJGGenGlCzR1cqTXog,IKfXEgXkuOPO2-wD8berwQ,1,20.86304005,35.68054961,139.7660494,35.68087649,139.7661768
東京駅,26,IKfXEgXkuOPO2-wD8berwQ,HWxoVJGGenGlCzR1cqTXog,-1,-159.13696,35.68087649,139.7661768,35.68054961,139.7660494
東京駅,27,fCeXvdVFihwcj9Osp0nFOQ,2oSUOKl8WJE12bqD1DgooA,1,-168.8871756,35.68090883,139.76611,35.68073322,139.7660751
東京駅,27,l8hxtFRR9fq4d_Ymb3sF5g,2oSUOKl8WJE12bqD1DgooA,1,-161.3122845,35.68090826,139.7661355,35.68073322,139.7660751
東京駅,27,2oSUOKl8WJE12bqD1DgooA,fCeXvdVFihwcj9Osp0nFOQ,-1,11.11282438,35.68073322,139.7660751,35.68090883,139.76611
東京駅,27,2oSUOKl8WJE12bqD1DgooA,l8hxtFRR9fq4d_Ymb3sF5g,-1,18.68771553,35.68073322,139.7660751,35.68090826,139.7661355
東京駅,28,YjjYXoNVINj9ujNebKNZJA,x1Akacom8235lsfycPTr7w,1,17.19109957,35.680456,139.76603,35.68066183,139.7660948
東京駅,28,x1Akacom8235lsfycPTr7w,YjjYXoNVINj9ujNebKNZJA,-1,-162.8089004,35.68066183,139.7660948,35.680456,139.76603
東京駅,29,ryB6sp5XuCf-E7QxFiCG0A,JUr-xIWsBNBpqMiAOBP_3Q,1,-164.5691069,35.68040508,139.7661423,35.68025125,139.7660991
東京駅,29,JUr-xIWsBNBpqMiAOBP_3Q,ryB6sp5XuCf-E7QxFiCG0A,-1,15.43089314,35.68025125,139.7660991,35.68040508,139.7661423
東京駅,30,rkLwXxutcw3pWyXgC1Fezg,7JauVshFXKGCkmPCGgm_Yg,1,-164.6684804,35.68123573,139.7662419,35.68088503,139.7661443
東京駅,30,7JauVshFXKGCkmPCGgm_Yg,rkLwXxutcw3pWyXgC1Fezg,-1,15.33151965,35.68088503,139.7661443,35.68123573,139.7662419
東京駅,31,0XPZteJ26Zn5H4cE7LIFHQ,XxaT2133gCbTBlJ9IJG8HA,1,21.67149186,35.68089927,139.7661709,35.68121131,139.7662978
東京駅,31,XxaT2133gCbTBlJ9IJG8HA,0XPZteJ26Zn5H4cE7LIFHQ,-1,-158.3285081,35.68121131,139.7662978,35.68089927,139.7661709
東京駅,32,CKY5kxvd8omJPT1YITWWhA,C1_jnpfzUOwvT_M2VZxfAA,1,-160.5026363,35.68127676,139.7664558,35.68112741,139.7664018
東京駅,32,CKY5kxvd8omJPT1YITWWhA,yxlLxeJpnpBmRPDC5n2WWw,1,-173.8787032,35.68127676,139.7664558,35.68111757,139.7664386
東京駅,32,C1_jnpfzUOwvT_M2VZxfAA,CKY5kxvd8omJPT1YITWWhA,-1,19.49736365,35.68112741,139.7664018,35.68127676,139.7664558
東京駅,32,yxlLxeJpnpBmRPDC5n2WWw,CKY5kxvd8omJPT1YITWWhA,-1,6.121296842,35.68111757,139.7664386,35.68127676,139.7664558
東京駅,33,BkdztdhzYhumWxVfeiwFTQ,C6JL4mdx1SQ7P4iv5WNfkQ,1,132.5071273,35.68133526,139.7664492,35.68122855,139.7665584
東京駅,33,C6JL4mdx1SQ7P4iv5WNfkQ,BkdztdhzYhumWxVfeiwFTQ,-1,-47.49287271,35.68122855,139.7665584,35.68133526,139.7664492
東京駅,34,0YF1xydFIJMi0u7qONC11w,uKvvdJV_4hT7E_3QRZ89ow,1,-160.8329346,35.68122066,139.7666652,35.68105658,139.766607
東京駅,34,uKvvdJV_4hT7E_3QRZ89ow,0YF1xydFIJMi0u7qONC11w,-1,19.16706544,35.68105658,139.766607,35.68122066,139.7666652
東京駅,35,PQ20ADHuD0NpeYPlfYj7MA,EhAfHWQtz_OdMdG3Y6Ykcw,1,-169.9074246,35.68117718,139.7668817,35.68098881,139.7668478
東京駅,35,PQ20ADHuD0NpeYPlfYj7MA,LuDRep41ErZLmTeDsRvyeQ,1,-160.6267942,35.68117718,139.7668817,35.68099699,139.766817
東京駅,35,EhAfHWQtz_OdMdG3Y6Ykcw,PQ20ADHuD0NpeYPlfYj7MA,-1,10.0925754,35.68098881,139.7668478,35.68117718,139.7668817
東京駅,35,LuDRep41ErZLmTeDsRvyeQ,PQ20ADHuD0NpeYPlfYj7MA,-1,19.37320578,35.68099699,139.766817,35.68117718,139.7668817
東京駅,36,OFtzLEqxP6nFD6kLuU7q7A,cBciaZ6NvS-pJ2FC6ekTmA,-1,15.0921923,35.68100141,139.766853,35.68118486,139.7669033
東京駅,36,cBciaZ6NvS-pJ2FC6ekTmA,OFtzLEqxP6nFD6kLuU7q7A,1,-164.9078077,35.68118486,139.7669033,35.68100141,139.766853
東京駅,37,0wrusptXHCUL8brfxHUSAg,KQBdV_-ern9NUuXCelHYzg,1,-158.5046458,35.68117284,139.7671101,35.68095217,139.7670212
東京駅,37,0wrusptXHCUL8brfxHUSAg,sPEnGXPTijIHGRw31o4MCA,1,-166.7576027,35.68117284,139.7671101,35.68094386,139.7670555
東京駅,37,KQBdV_-ern9NUuXCelHYzg,0wrusptXHCUL8brfxHUSAg,-1,21.49535423,35.68095217,139.7670212,35.68117284,139.7671101
東京駅,37,sPEnGXPTijIHGRw31o4MCA,0wrusptXHCUL8brfxHUSAg,-1,13.24239734,35.68094386,139.7670555,35.68117284,139.7671101
東京駅,37,1DTyjwCYzKIdDA_Tt8NG8w,KQBdV_-ern9NUuXCelHYzg,1,-167.1092272,35.68118233,139.7670746,35.68095217,139.7670212
東京駅,37,1DTyjwCYzKIdDA_Tt8NG8w,sPEnGXPTijIHGRw31o4MCA,1,-175.4519744,35.68118233,139.7670746,35.68094386,139.7670555
東京駅,37,KQBdV_-ern9NUuXCelHYzg,1DTyjwCYzKIdDA_Tt8NG8w,-1,12.8907728,35.68095217,139.7670212,35.68118233,139.7670746
東京駅,37,sPEnGXPTijIHGRw31o4MCA,1DTyjwCYzKIdDA_Tt8NG8w,-1,4.548025631,35.68094386,139.7670555,35.68118233,139.7670746
東京駅,38,pqA5MpA2hPVWSxBQrWXTkA,aRu95uyFkOszhxI_Lo9daw,-1,87.72238947,35.6811722,139.7675088,35.68116937,139.7676485
東京駅,38,pqA5MpA2hPVWSxBQrWXTkA,CGQgSOokrjvtOtsdXMvlmQ,-1,98.79663043,35.6811722,139.7675088,35.68114193,139.7676496
東京駅,38,aRu95uyFkOszhxI_Lo9daw,pqA5MpA2hPVWSxBQrWXTkA,1,-92.27761053,35.68116937,139.7676485,35.6811722,139.7675088
東京駅,38,CGQgSOokrjvtOtsdXMvlmQ,pqA5MpA2hPVWSxBQrWXTkA,1,-81.20336957,35.68114193,139.7676496,35.6811722,139.7675088
東京駅,38,ZyQ5x7g3iOIDC-YfQHUVXQ,aRu95uyFkOszhxI_Lo9daw,-1,82.87568237,35.68115511,139.7674294,35.68116937,139.7676485
東京駅,38,ZyQ5x7g3iOIDC-YfQHUVXQ,CGQgSOokrjvtOtsdXMvlmQ,-1,89.99295927,35.68115511,139.7674294,35.68114193,139.7676496
東京駅,38,aRu95uyFkOszhxI_Lo9daw,ZyQ5x7g3iOIDC-YfQHUVXQ,1,-97.12431763,35.68116937,139.7676485,35.68115511,139.7674294
東京駅,38,CGQgSOokrjvtOtsdXMvlmQ,ZyQ5x7g3iOIDC-YfQHUVXQ,1,-90.00704073,35.68114193,139.7676496,35.68115511,139.7674294
東京駅,39,Omtw48OH1uuVb8U_txNBOQ,Hi12MrLvdQ80eWHs8ZNI3w,1,30.84675221,35.68138059,139.7669522,35.68154243,139.7670523
東京駅,39,Omtw48OH1uuVb8U_txNBOQ,8oQV7M4b24BiLIzRpyQoLA,1,20.27496223,35.68138059,139.7669522,35.68155171,139.7670168
東京駅,39,Hi12MrLvdQ80eWHs8ZNI3w,Omtw48OH1uuVb8U_txNBOQ,-1,-149.1532478,35.68154243,139.7670523,35.68138059,139.7669522
東京駅,39,8oQV7M4b24BiLIzRpyQoLA,Omtw48OH1uuVb8U_txNBOQ,-1,-159.7250378,35.68155171,139.7670168,35.68138059,139.7669522
東京駅,39,bdYq2A_GTMYjz5TAA0bSuA,Hi12MrLvdQ80eWHs8ZNI3w,1,19.7116605,35.68133111,139.766975,35.68154243,139.7670523
東京駅,39,bdYq2A_GTMYjz5TAA0bSuA,8oQV7M4b24BiLIzRpyQoLA,1,10.60577628,35.68133111,139.766975,35.68155171,139.7670168
東京駅,39,Hi12MrLvdQ80eWHs8ZNI3w,bdYq2A_GTMYjz5TAA0bSuA,-1,-160.2883395,35.68154243,139.7670523,35.68133111,139.766975
東京駅,39,8oQV7M4b24BiLIzRpyQoLA,bdYq2A_GTMYjz5TAA0bSuA,-1,-169.3942237,35.68155171,139.7670168,35.68133111,139.766975
東京駅,40,EW-fMz_HAdzAaWjlwJJGMg,guy-RInbvGXaqpbSXU1WqA,1,33.43209475,35.68143984,139.7667523,35.68157624,139.766846
東京駅,40,EW-fMz_HAdzAaWjlwJJGMg,bsSqe0Y_JgQ_Je-HV2IemA,1,20.82119533,35.68143984,139.7667523,35.68158549,139.766809
東京駅,40,guy-RInbvGXaqpbSXU1WqA,EW-fMz_HAdzAaWjlwJJGMg,-1,-146.5679052,35.68157624,139.766846,35.68143984,139.7667523
東京駅,40,bsSqe0Y_JgQ_Je-HV2IemA,EW-fMz_HAdzAaWjlwJJGMg,-1,-159.1788047,35.68158549,139.766809,35.68143984,139.7667523
東京駅,40,SBoRARzXfVHCrpNOS8LO1g,guy-RInbvGXaqpbSXU1WqA,1,26.07957013,35.68138688,139.7667506,35.68157624,139.766846
東京駅,40,SBoRARzXfVHCrpNOS8LO1g,bsSqe0Y_JgQ_Je-HV2IemA,1,16.11767229,35.68138688,139.7667506,35.68158549,139.766809
東京駅,40,guy-RInbvGXaqpbSXU1WqA,SBoRARzXfVHCrpNOS8LO1g,-1,-153.9204299,35.68157624,139.766846,35.68138688,139.7667506
東京駅,40,bsSqe0Y_JgQ_Je-HV2IemA,SBoRARzXfVHCrpNOS8LO1g,-1,-163.8823277,35.68158549,139.766809,35.68138688,139.7667506
東京駅,41,ZIrf8vhzjU5rkAyDqAnP_A,CsQcKUoMGfCDLjGnzObHpw,1,34.47544254,35.68149381,139.7665348,35.68163084,139.7666329
東京駅,41,ZIrf8vhzjU5rkAyDqAnP_A,URc8gjw5TmuYSHiecGDooQ,1,21.76240038,35.68149381,139.7665348,35.68163984,139.7665945
東京駅,41,CsQcKUoMGfCDLjGnzObHpw,ZIrf8vhzjU5rkAyDqAnP_A,-1,-145.5245575,35.68163084,139.7666329,35.68149381,139.7665348
東京駅,41,URc8gjw5TmuYSHiecGDooQ,ZIrf8vhzjU5rkAyDqAnP_A,-1,-158.2375996,35.68163984,139.7665945,35.68149381,139.7665348
東京駅,41,2pt6XFko4XK5XT_ZKAfNSQ,CsQcKUoMGfCDLjGnzObHpw,1,19.63655366,35.68143469,139.7665614,35.68163084,139.7666329
東京駅,41,2pt6XFko4XK5XT_ZKAfNSQ,URc8gjw5TmuYSHiecGDooQ,1,9.081826543,35.68143469,139.7665614,35.68163984,139.7665945
東京駅,41,CsQcKUoMGfCDLjGnzObHpw,2pt6XFko4XK5XT_ZKAfNSQ,-1,-160.3634463,35.68163084,139.7666329,35.68143469,139.7665614
東京駅,41,URc8gjw5TmuYSHiecGDooQ,2pt6XFko4XK5XT_ZKAfNSQ,-1,-170.9181735,35.68163984,139.7665945,35.68143469,139.7665614
東京駅,42,fWIETSqsBAnO77HIhrMJOw,7yHc_uQ9pUun-SxFa_TJzQ,1,22.41597363,35.68150785,139.7663984,35.68179378,139.7665192
東京駅,42,7yHc_uQ9pUun-SxFa_TJzQ,fWIETSqsBAnO77HIhrMJOw,-1,-157.5840264,35.68179378,139.7665192,35.68150785,139.7663984
東京駅,43,UcGa-MFGGpSmKMxyqjVpPA,zbnWkQ86rnkqAXyBPIx1xQ,-1,-75.1477458,35.68162899,139.7661632,35.68169845,139.7659497
東京駅,43,UcGa-MFGGpSmKMxyqjVpPA,ibN-VDPo8YzXCQpjiX7_Bg,-1,-61.50757541,35.68162899,139.7661632,35.68175315,139.7659573
東京駅,43,zbnWkQ86rnkqAXyBPIx1xQ,UcGa-MFGGpSmKMxyqjVpPA,1,104.8522542,35.68169845,139.7659497,35.68162899,139.7661632
東京駅,43,ibN-VDPo8YzXCQpjiX7_Bg,UcGa-MFGGpSmKMxyqjVpPA,1,118.4924246,35.68175315,139.7659573,35.68162899,139.7661632
東京駅,44,bQvwvazSvgqCXJmCNc1Oiw,W6kmXodGY23RE-MjOhkBng,-1,0.3453706838,35.6814724,139.7663578,35.68165527,139.7663589
東京駅,44,W6kmXodGY23RE-MjOhkBng,bQvwvazSvgqCXJmCNc1Oiw,1,-179.6546293,35.68165527,139.7663589,35.6814724,139.7663578
東京駅,45,ZbxRgUxfsmme5v1lJ72hyw,bQvwvazSvgqCXJmCNc1Oiw,1,-160.328594,35.68182289,139.7664858,35.6814724,139.7663578
東京駅,45,bQvwvazSvgqCXJmCNc1Oiw,ZbxRgUxfsmme5v1lJ72hyw,-1,19.67140597,35.6814724,139.7663578,35.68182289,139.7664858
東京駅,46,D6_8WJSE6irU6y8jAoCxUg,Uf_LqQjPf8d2OlarOnAYkQ,1,27.12220371,35.68181223,139.76651,35.68212041,139.7666727
東京駅,46,Uf_LqQjPf8d2OlarOnAYkQ,D6_8WJSE6irU6y8jAoCxUg,-1,-152.8777963,35.68212041,139.7666727,35.68181223,139.76651
東京駅,47,Ew3zqwTG6DoAqU0gcJdKGg,fhCMbScncDgXBEPzJDYvnw,1,-155.4231081,35.68210605,139.7666315,35.68180421,139.7664897
東京駅,47,fhCMbScncDgXBEPzJDYvnw,Ew3zqwTG6DoAqU0gcJdKGg,-1,24.57689192,35.68180421,139.7664897,35.68210605,139.7666315
東京駅,48,Ew3zqwTG6DoAqU0gcJdKGg,sapbLTdObKDVQXZHuOHr3A,1,34.03229702,35.68210605,139.7666315,35.68225745,139.7667379
東京駅,48,sapbLTdObKDVQXZHuOHr3A,Ew3zqwTG6DoAqU0gcJdKGg,-1,-145.967703,35.68225745,139.7667379,35.68210605,139.7666315
東京駅,49,cLxtqpehtrGdDZwUap07vA,vKqu3898w_9gCv5OBdBIlA,1,-163.1883686,35.68228837,139.7668783,35.68212497,139.7668281
東京駅,49,Hg3mPZmAWqkgM9VxwwWIhA,vKqu3898w_9gCv5OBdBIlA,1,-151.0702189,35.68227861,139.7669158,35.68212497,139.7668281
東京駅,49,vKqu3898w_9gCv5OBdBIlA,cLxtqpehtrGdDZwUap07vA,-1,16.81163136,35.68212497,139.7668281,35.68228837,139.7668783
東京駅,49,vKqu3898w_9gCv5OBdBIlA,Hg3mPZmAWqkgM9VxwwWIhA,-1,28.92978112,35.68212497,139.7668281,35.68227861,139.7669158
東京駅,50,abd2Wjc0le_0DjdFPQUWIw,P5oRZVlbO7F9DkURqv-paA,1,-169.6660567,35.68224105,139.7670647,35.68207078,139.7670334
東京駅,50,P5oRZVlbO7F9DkURqv-paA,abd2Wjc0le_0DjdFPQUWIw,-1,10.33394327,35.68207078,139.7670334,35.68224105,139.7670647
東京駅,51,Uwq1Ju9w9puVqa3iw8_DBw,pMklqJOZ8qlYQw1WJBS1hg,1,-155.7916424,35.68215667,139.7672431,35.68198483,139.7671638
東京駅,51,Uwq1Ju9w9puVqa3iw8_DBw,C2jJV_GvWyVT4-aFJnWgqg,1,-165.081114,35.68215667,139.7672431,35.68197846,139.7671949
東京駅,51,pMklqJOZ8qlYQw1WJBS1hg,Uwq1Ju9w9puVqa3iw8_DBw,-1,24.2083576,35.68198483,139.7671638,35.68215667,139.7672431
東京駅,51,C2jJV_GvWyVT4-aFJnWgqg,Uwq1Ju9w9puVqa3iw8_DBw,-1,14.91888597,35.68197846,139.7671949,35.68215667,139.7672431
東京駅,52,sSWdk_8mVWlyecNbfModFA,Ly0h5nSkzYVaRaH7APJbaA,1,-168.7873386,35.68210943,139.7674308,35.68193857,139.7673965
東京駅,52,Ly0h5nSkzYVaRaH7APJbaA,sSWdk_8mVWlyecNbfModFA,-1,11.2126614,35.68193857,139.7673965,35.68210943,139.7674308
東京駅,53,LEEP7LUt7O4DCqA0l21IcA,PJDGhufCw9P3TFiYgha6ZQ,1,25.66471018,35.68211864,139.767394,35.68228953,139.7674784
東京駅,53,PJDGhufCw9P3TFiYgha6ZQ,LEEP7LUt7O4DCqA0l21IcA,-1,-154.3352898,35.68228953,139.7674784,35.68211864,139.767394
東京駅,54,g_QE8QgaSLHdyjzcgCb8JA,BsrtanwmiAVwAgOXbnj_tQ,1,12.02952286,35.68076659,139.7671916,35.68098653,139.7672391
東京駅,54,BsrtanwmiAVwAgOXbnj_tQ,g_QE8QgaSLHdyjzcgCb8JA,-1,-167.9704771,35.68098653,139.7672391,35.68076659,139.7671916
東京駅,55,q3Wm3alvKV-w5HwgeekZqg,YG0yZFm9k2AE8aANu1GJpA,1,-171.1087246,35.68064036,139.7671447,35.68045691,139.7671157
東京駅,55,q3Wm3alvKV-w5HwgeekZqg,NRFEDxlnCE4Qr9Ty9N_CCg,1,-179.9969179,35.68064036,139.7671447,35.68044959,139.7671447
東京駅,55,YG0yZFm9k2AE8aANu1GJpA,q3Wm3alvKV-w5HwgeekZqg,-1,8.891275416,35.68045691,139.7671157,35.68064036,139.7671447
東京駅,55,NRFEDxlnCE4Qr9Ty9N_CCg,q3Wm3alvKV-w5HwgeekZqg,-1,0.003082110927,35.68044959,139.7671447,35.68064036,139.7671447
東京駅,56,n4C__evktN_5lAXUtjkN4g,bcPptlfX34TcxSk8aPfYbA,1,-171.2499662,35.68058628,139.7673644,35.6804028,139.7673359
東京駅,56,n4C__evktN_5lAXUtjkN4g,0Yht2c1hjFVwbVn60QAg6A,1,176.8006447,35.68058628,139.7673644,35.6803931,139.7673752
東京駅,56,bcPptlfX34TcxSk8aPfYbA,n4C__evktN_5lAXUtjkN4g,-1,8.750033792,35.6804028,139.7673359,35.68058628,139.7673644
東京駅,56,0Yht2c1hjFVwbVn60QAg6A,n4C__evktN_5lAXUtjkN4g,-1,-3.199355262,35.6803931,139.7673752,35.68058628,139.7673644
東京駅,57,d7arD3tvVBIKLOf-fiMqVw,IW70jJ18bmdCB92dO27pRA,1,30.39583283,35.68072176,139.7674163,35.68093467,139.7675456
東京駅,57,d7arD3tvVBIKLOf-fiMqVw,2P0B40ZEv5vBi7f8onR-Rw,1,36.99620642,35.68072176,139.7674163,35.68092775,139.7675787
東京駅,57,IW70jJ18bmdCB92dO27pRA,d7arD3tvVBIKLOf-fiMqVw,-1,-149.6041672,35.68093467,139.7675456,35.68072176,139.7674163
東京駅,57,2P0B40ZEv5vBi7f8onR-Rw,d7arD3tvVBIKLOf-fiMqVw,-1,-143.0037936,35.68092775,139.7675787,35.68072176,139.7674163